,date,tau_day,maturity_day,total,t0_payoff,T_payoff,trade,kernel,M,exp_total,id
0,2020-03-06,7,2020-03-13,-234.61,17.21,-251.82,K1,1.0,1.74,0.0,0
1,2020-03-06,14,2020-03-20,-420.77,81.03,-501.81,K1,1.0,1.45,0.01,1
2,2020-03-06,21,2020-03-27,-1204.26,297.57,-1501.83,K1,1.0,1.36,-0.02,2
277,2020-03-06,49,2020-04-24,-475.21,-46.8,-428.41,S1,1.0,1.2,-0.0,3
438,2020-03-06,112,2020-06-26,-526.13,-526.13,0.0,S1,1.0,1.0,0.02,4
3,2020-03-07,13,2020-03-20,-396.28,105.55,-501.83,K1,1.0,1.44,0.0,5
4,2020-03-07,20,2020-03-27,-1283.83,217.94,-1501.77,K1,1.0,1.35,-0.01,6
278,2020-03-07,48,2020-04-24,-456.51,-28.1,-428.41,S1,1.0,1.2,0.02,7
439,2020-03-07,111,2020-06-26,-487.1,-487.1,0.0,S1,1.0,1.0,0.04,8
5,2020-03-08,12,2020-03-20,-198.73,53.02,-251.75,K1,1.0,1.39,0.01,9
6,2020-03-08,19,2020-03-27,-1126.33,146.46,-1272.79,K1,1.0,1.3,-0.02,10
279,2020-03-08,47,2020-04-24,-175.92,-175.92,0.0,S1,1.0,1.16,0.02,11
440,2020-03-08,110,2020-06-26,-252.78,-252.78,0.0,S1,1.0,0.96,0.07,12
7,2020-03-09,11,2020-03-20,-660.19,34.31,-694.5,S1,1.0,1.25,0.01,13
8,2020-03-09,18,2020-03-27,39.96,312.75,-272.79,K1,1.0,1.18,-0.01,14
280,2020-03-09,46,2020-04-24,-44.69,-44.69,0.0,S1,1.0,1.04,-0.01,15
441,2020-03-09,109,2020-06-26,-103.83,-103.83,0.0,S1,1.0,0.87,0.01,16
9,2020-03-10,10,2020-03-20,0.0,0.0,0.0,-,1.0,1.25,,17
10,2020-03-10,17,2020-03-27,-287.87,-15.08,-272.79,S1,1.0,1.17,-0.0,18
281,2020-03-10,45,2020-04-24,-69.18,-69.18,0.0,S1,1.0,1.04,0.04,19
442,2020-03-10,108,2020-06-26,-139.96,-139.96,0.0,S1,1.0,0.87,0.03,20
11,2020-03-11,9,2020-03-20,-686.58,7.92,-694.5,S1,1.0,1.25,0.0,21
12,2020-03-11,16,2020-03-27,-250.35,22.44,-272.79,S1,1.0,1.17,0.02,22
282,2020-03-11,44,2020-04-24,-72.32,-72.32,0.0,S1,1.0,1.04,0.02,23
443,2020-03-11,107,2020-06-26,-292.14,-406.46,114.32,S1,1.0,0.86,0.05,24
13,2020-03-12,8,2020-03-20,109.16,109.16,0.0,K1,1.0,1.17,0.01,25
14,2020-03-12,8,2020-03-20,-722.24,-1165.51,443.27,K2,1.0,1.17,-0.05,26
15,2020-03-12,15,2020-03-27,143.06,143.06,0.0,S1,1.0,1.1,0.04,27
283,2020-03-12,43,2020-04-24,371.87,-198.5,570.37,S1,1.0,0.98,0.09,28
444,2020-03-12,106,2020-06-26,1952.09,-162.56,2114.65,S1,1.0,0.81,0.11,29
16,2020-03-13,7,2020-03-20,64.92,-239.5,304.42,K2,1.0,0.83,-0.01,30
17,2020-03-13,14,2020-03-27,-140.1,-139.02,-1.08,K2,1.0,0.78,-0.02,31
284,2020-03-13,42,2020-04-24,711.24,-359.22,1070.45,K2,1.0,0.69,-0.01,32
445,2020-03-13,105,2020-06-26,4634.06,519.07,4114.99,S1,1.0,0.58,0.14,33
18,2020-03-14,13,2020-03-27,0.0,0.0,0.0,-,1.0,0.81,,34
285,2020-03-14,41,2020-04-24,0.0,0.0,0.0,-,1.0,0.72,,35
446,2020-03-14,104,2020-06-26,0.0,0.0,0.0,-,1.0,0.6,,36
19,2020-03-19,8,2020-03-27,-216.28,-215.11,-1.17,K2,1.0,0.81,-0.01,37
20,2020-03-19,36,2020-04-24,881.66,-688.84,1570.5,K2,1.0,0.72,-0.05,38
447,2020-03-19,99,2020-06-26,1996.6,-118.07,2114.67,S1,1.0,0.6,0.02,39
21,2020-03-20,7,2020-03-27,-160.62,-160.62,0.0,K2,1.0,0.94,0.0,40
22,2020-03-20,14,2020-04-03,-261.35,-261.35,0.0,K2,1.0,0.91,0.01,41
23,2020-03-20,35,2020-04-24,-151.85,-722.17,570.32,K2,1.0,0.83,-0.05,42
286,2020-03-20,98,2020-06-26,720.16,-394.3,1114.46,S1,1.0,0.69,-0.02,43
24,2020-03-21,13,2020-04-03,-550.58,-550.58,0.0,K2,1.0,0.89,-0.04,44
25,2020-03-21,34,2020-04-24,238.2,-832.21,1070.41,K2,1.0,0.81,-0.03,45
287,2020-03-21,97,2020-06-26,1939.6,-175.05,2114.65,S1,1.0,0.67,0.04,46
26,2020-03-22,12,2020-04-03,36.9,-384.83,421.72,K2,1.0,0.91,-0.06,47
27,2020-03-22,33,2020-04-24,-113.16,-683.49,570.33,K2,1.0,0.84,-0.05,48
288,2020-03-22,96,2020-06-26,1972.53,-142.11,2114.63,S1,1.0,0.69,0.07,49
28,2020-03-23,11,2020-04-03,-320.39,-320.39,0.0,K2,1.0,0.85,-0.02,50
29,2020-03-23,32,2020-04-24,-183.48,-753.81,570.33,K2,1.0,0.78,-0.06,51
289,2020-03-23,95,2020-06-26,2087.15,-27.51,2114.66,S1,1.0,0.65,0.06,52
30,2020-03-30,11,2020-04-10,-10.67,-10.67,0.0,S1,1.0,0.9,-0.0,53
31,2020-03-30,25,2020-04-24,538.62,-31.71,570.33,S1,1.0,0.83,-0.01,54
290,2020-03-30,60,2020-05-29,2482.24,-36.9,2519.14,S1,1.0,0.66,0.0,55
291,2020-03-30,88,2020-06-26,0.0,0.0,0.0,-,1.0,0.69,,56
448,2020-03-30,179,2020-09-25,3597.57,-98.27,3695.85,S1,1.0,0.59,0.05,57
32,2020-03-31,10,2020-04-10,0.0,0.0,0.0,-,1.0,0.93,,58
33,2020-03-31,24,2020-04-24,105.31,-464.99,570.3,K2,1.0,0.85,-0.02,59
292,2020-03-31,59,2020-05-29,1880.94,-138.11,2019.05,S1,1.0,0.68,0.0,60
293,2020-03-31,87,2020-06-26,1049.5,-65.04,1114.54,S1,1.0,0.71,0.03,61
449,2020-03-31,178,2020-09-25,2271.57,-424.14,2695.71,S1,1.0,0.6,0.02,62
34,2020-04-01,9,2020-04-10,13.74,13.74,0.0,S1,1.0,0.91,-0.0,63
35,2020-04-01,23,2020-04-24,70.43,-499.89,570.33,K2,1.0,0.84,-0.02,64
294,2020-04-01,58,2020-05-29,1747.05,227.95,1519.1,S1,1.0,0.67,0.04,65
295,2020-04-01,86,2020-06-26,1075.23,-39.35,1114.58,S1,1.0,0.69,0.02,66
450,2020-04-01,177,2020-09-25,2497.84,-197.9,2695.74,S1,1.0,0.59,0.02,67
36,2020-04-02,8,2020-04-10,0.0,0.0,0.0,-,1.0,0.96,,68
37,2020-04-02,22,2020-04-24,-70.51,-70.51,0.0,S1,1.0,0.88,-0.01,69
296,2020-04-02,57,2020-05-29,2002.12,-16.92,2019.04,S1,1.0,0.7,0.01,70
297,2020-04-02,85,2020-06-26,996.82,-117.62,1114.44,S1,1.0,0.73,0.02,71
451,2020-04-02,176,2020-09-25,2562.13,-133.54,2695.67,S1,1.0,0.62,0.04,72
38,2020-04-03,7,2020-04-10,17.37,17.37,0.0,S1,1.0,1.0,-0.03,73
39,2020-04-03,14,2020-04-17,2.22,2.22,0.0,S1,1.0,0.98,-0.0,74
40,2020-04-03,21,2020-04-24,-383.87,-454.09,70.21,K2,1.0,0.91,-0.01,75
298,2020-04-03,56,2020-05-29,1504.27,-14.69,1518.96,S1,1.0,0.73,0.03,76
299,2020-04-03,84,2020-06-26,1117.31,2.84,1114.47,S1,1.0,0.76,0.04,77
452,2020-04-03,175,2020-09-25,2601.26,-94.4,2695.66,S1,1.0,0.65,0.06,78
41,2020-04-04,13,2020-04-17,0.0,0.0,0.0,-,1.0,0.95,,79
42,2020-04-04,20,2020-04-24,-258.34,-328.58,70.24,K2,1.0,0.89,-0.0,80
300,2020-04-04,55,2020-05-29,1497.37,-21.6,1518.96,S1,1.0,0.71,0.01,81
301,2020-04-04,83,2020-06-26,1177.03,62.55,1114.48,S1,1.0,0.74,0.01,82
453,2020-04-04,174,2020-09-25,2190.84,-504.82,2695.66,S1,1.0,0.63,-0.01,83
43,2020-04-05,12,2020-04-17,11.58,11.58,0.0,S1,1.0,0.96,0.0,84
44,2020-04-05,19,2020-04-24,-322.65,-392.88,70.24,K2,1.0,0.89,-0.02,85
302,2020-04-05,54,2020-05-29,1602.05,83.07,1518.98,S1,1.0,0.71,0.01,86
303,2020-04-05,82,2020-06-26,1147.02,32.54,1114.48,S1,1.0,0.74,0.03,87
454,2020-04-05,173,2020-09-25,0.0,0.0,0.0,-,1.0,0.63,,88
45,2020-04-06,11,2020-04-17,-1.01,-1.01,0.0,S1,1.0,1.0,-0.0,89
46,2020-04-06,18,2020-04-24,-247.82,-247.82,0.0,K2,1.0,0.93,-0.01,90
304,2020-04-06,53,2020-05-29,1469.13,-49.82,1518.95,S1,1.0,0.74,0.03,91
305,2020-04-06,81,2020-06-26,1011.19,-103.26,1114.45,S1,1.0,0.77,0.04,92
455,2020-04-06,172,2020-09-25,1579.21,-116.36,1695.57,S1,1.0,0.66,0.04,93
47,2020-04-07,10,2020-04-17,3.57,3.57,0.0,S1,1.0,1.04,-0.01,94
48,2020-04-07,17,2020-04-24,-276.89,-276.89,0.0,K2,1.0,0.97,-0.01,95
306,2020-04-07,52,2020-05-29,1001.56,-17.31,1018.87,S1,1.0,0.77,0.0,96
307,2020-04-07,80,2020-06-26,0.0,0.0,0.0,-,1.0,0.81,,97
456,2020-04-07,171,2020-09-25,1391.06,-304.48,1695.53,S1,1.0,0.69,0.03,98
49,2020-04-08,9,2020-04-17,16.68,16.68,0.0,S1,1.0,1.04,-0.02,99
50,2020-04-08,16,2020-04-24,0.0,0.0,0.0,-,1.0,0.97,,100
308,2020-04-08,51,2020-05-29,1029.89,10.99,1018.9,S1,1.0,0.77,-0.0,101
309,2020-04-08,79,2020-06-26,75.04,-39.34,114.38,S1,1.0,0.8,0.03,102
457,2020-04-08,170,2020-09-25,1383.73,-311.82,1695.55,S1,1.0,0.69,0.02,103
51,2020-04-09,8,2020-04-17,-7.8,-7.8,0.0,S1,1.0,1.04,-0.01,104
52,2020-04-09,15,2020-04-24,-337.46,-337.46,0.0,K2,1.0,0.97,-0.01,105
310,2020-04-09,50,2020-05-29,1064.36,45.47,1018.89,S1,1.0,0.77,-0.0,106
311,2020-04-09,78,2020-06-26,60.32,-54.05,114.37,S1,1.0,0.8,-0.01,107
458,2020-04-09,169,2020-09-25,1404.26,-291.28,1695.55,S1,1.0,0.69,0.02,108
53,2020-04-10,7,2020-04-17,238.73,298.36,-59.63,K1,1.0,0.98,-0.02,109
54,2020-04-10,14,2020-04-24,1.45,1.45,0.0,S1,1.0,0.92,0.0,110
312,2020-04-10,49,2020-05-29,0.0,0.0,0.0,-,1.0,0.73,,111
313,2020-04-10,77,2020-06-26,1059.91,-54.53,1114.44,S1,1.0,0.76,0.03,112
459,2020-04-10,168,2020-09-25,1137.29,-558.27,1695.56,S1,1.0,0.65,-0.01,113
55,2020-04-11,13,2020-04-24,-23.89,-23.89,0.0,S1,1.0,0.91,-0.0,114
314,2020-04-11,48,2020-05-29,1378.27,-140.7,1518.97,S1,1.0,0.72,-0.0,115
315,2020-04-11,76,2020-06-26,752.38,-362.07,1114.45,S1,1.0,0.76,0.0,116
460,2020-04-11,167,2020-09-25,1341.41,-354.23,1695.64,S1,1.0,0.64,-0.01,117
56,2020-04-15,9,2020-04-24,-159.02,342.33,-501.35,K1,1.0,0.91,-0.02,118
316,2020-04-15,44,2020-05-29,1584.1,65.13,1518.97,S1,1.0,0.72,0.02,119
317,2020-04-15,72,2020-06-26,1156.54,42.07,1114.47,S1,1.0,0.76,0.05,120
461,2020-04-15,163,2020-09-25,2631.84,-63.82,2695.66,S1,1.0,0.64,0.04,121
57,2020-04-16,8,2020-04-24,-275.79,225.55,-501.34,K1,1.0,0.91,-0.0,122
318,2020-04-16,43,2020-05-29,2077.11,58.08,2019.04,S1,1.0,0.73,0.02,123
319,2020-04-16,71,2020-06-26,1100.05,-14.39,1114.45,S1,1.0,0.76,0.04,124
462,2020-04-16,162,2020-09-25,2609.69,-85.98,2695.67,S1,1.0,0.65,0.04,125
58,2020-04-19,12,2020-05-01,-474.5,276.93,-751.43,K1,1.0,0.82,-0.01,126
320,2020-04-19,40,2020-05-29,1056.73,37.81,1018.92,S1,1.0,0.75,0.0,127
321,2020-04-19,68,2020-06-26,220.33,105.92,114.41,S1,1.0,0.78,0.01,128
463,2020-04-19,159,2020-09-25,1579.34,-116.23,1695.57,S1,1.0,0.67,0.02,129
59,2020-04-20,11,2020-05-01,794.82,43.01,751.81,S1,1.0,0.82,-0.0,130
60,2020-04-20,39,2020-05-29,1512.5,-6.41,1518.91,S1,1.0,0.76,0.01,131
322,2020-04-20,67,2020-06-26,1111.12,-3.34,1114.46,S1,1.0,0.79,0.05,132
464,2020-04-20,158,2020-09-25,2536.49,-159.17,2695.67,S1,1.0,0.67,0.05,133
61,2020-04-21,10,2020-05-01,60.0,311.38,-251.38,K1,1.0,0.79,-0.04,134
62,2020-04-21,38,2020-05-29,1556.18,37.21,1518.97,S1,1.0,0.72,0.0,135
323,2020-04-21,66,2020-06-26,876.12,-238.34,1114.46,S1,1.0,0.76,0.01,136
465,2020-04-21,157,2020-09-25,102.39,102.39,0.0,S1,1.0,0.64,0.02,137
63,2020-04-22,9,2020-05-01,1051.3,49.45,1001.86,S1,1.0,0.79,0.0,138
64,2020-04-22,37,2020-05-29,1503.25,-15.67,1518.92,S1,1.0,0.73,0.01,139
324,2020-04-22,65,2020-06-26,1122.27,7.82,1114.45,S1,1.0,0.76,0.04,140
466,2020-04-22,156,2020-09-25,1807.63,112.01,1695.63,S1,1.0,0.65,0.03,141
65,2020-04-23,8,2020-05-01,298.96,47.18,251.78,S1,1.0,0.81,-0.01,142
66,2020-04-23,36,2020-05-29,1488.78,-30.13,1518.91,S1,1.0,0.74,-0.01,143
325,2020-04-23,64,2020-06-26,23.6,-90.69,114.29,S1,1.0,0.78,-0.0,144
467,2020-04-23,155,2020-09-25,1493.37,-202.14,1695.51,S1,1.0,0.66,-0.01,145
67,2020-04-24,7,2020-05-01,30.53,30.53,0.0,S1,1.0,0.87,-0.02,146
68,2020-04-24,14,2020-05-08,1315.42,19.09,1296.33,S1,1.0,0.77,-0.01,147
69,2020-04-24,35,2020-05-29,962.87,-55.96,1018.83,S1,1.0,0.8,-0.01,148
326,2020-04-24,63,2020-06-26,21.23,-93.09,114.32,S1,1.0,0.83,0.01,149
468,2020-04-24,154,2020-09-25,1353.97,-341.53,1695.5,S1,1.0,0.71,0.03,150
70,2020-04-25,13,2020-05-08,0.0,0.0,0.0,-,1.0,0.77,,151
71,2020-04-25,34,2020-05-29,996.06,-22.76,1018.82,S1,1.0,0.79,-0.01,152
327,2020-04-25,62,2020-06-26,27.36,-86.95,114.31,S1,1.0,0.83,0.01,153
469,2020-04-25,153,2020-09-25,1402.85,-292.65,1695.51,S1,1.0,0.71,0.05,154
72,2020-04-26,12,2020-05-08,1321.65,25.33,1296.32,S1,1.0,0.77,-0.02,155
73,2020-04-26,33,2020-05-29,982.65,-36.18,1018.83,S1,1.0,0.79,-0.0,156
328,2020-04-26,61,2020-06-26,0.0,0.0,0.0,-,1.0,0.83,,157
470,2020-04-26,152,2020-09-25,1431.89,-263.61,1695.5,S1,1.0,0.71,-0.01,158
74,2020-04-27,11,2020-05-08,1086.61,40.3,1046.31,S1,1.0,0.79,-0.02,159
75,2020-04-27,32,2020-05-29,1085.7,66.88,1018.83,S1,1.0,0.81,0.0,160
329,2020-04-27,60,2020-06-26,-64.92,-179.21,114.29,S1,1.0,0.84,0.03,161
471,2020-04-27,151,2020-09-25,0.0,0.0,0.0,-,1.0,0.72,,162
76,2020-05-01,7,2020-05-08,0.0,0.0,0.0,-,1.0,0.89,,163
77,2020-05-01,14,2020-05-15,-7.02,-7.02,0.0,S1,1.0,0.9,-0.02,164
78,2020-05-01,28,2020-05-29,-117.68,-117.68,0.0,S1,1.0,0.92,-0.03,165
330,2020-05-01,56,2020-06-26,-225.83,-225.83,0.0,S1,1.0,0.96,-0.0,166
472,2020-05-01,147,2020-09-25,-47.71,-47.71,0.0,S1,1.0,0.82,0.0,167
79,2020-05-02,13,2020-05-15,-4.81,-4.81,0.0,S1,1.0,0.91,-0.01,168
80,2020-05-02,27,2020-05-29,31.35,31.35,0.0,S1,1.0,0.93,-0.04,169
331,2020-05-02,55,2020-06-26,165.83,165.83,0.0,S1,1.0,0.97,0.01,170
473,2020-05-02,146,2020-09-25,372.79,372.79,0.0,S1,1.0,0.82,0.02,171
81,2020-05-03,12,2020-05-15,-42.22,-42.22,0.0,S1,1.0,0.93,-0.01,172
82,2020-05-03,26,2020-05-29,-126.88,-126.88,0.0,S1,1.0,0.95,-0.03,173
332,2020-05-03,54,2020-06-26,105.49,105.49,0.0,S1,1.0,0.99,-0.01,174
474,2020-05-03,145,2020-09-25,-412.71,-412.71,0.0,S1,1.0,0.84,-0.01,175
83,2020-05-04,11,2020-05-15,-11.93,-11.93,0.0,S1,1.0,0.9,-0.01,176
84,2020-05-04,25,2020-05-29,-59.47,-59.47,0.0,S1,1.0,0.91,-0.03,177
333,2020-05-04,53,2020-06-26,-175.5,-175.5,0.0,S1,1.0,0.95,-0.01,178
475,2020-05-04,144,2020-09-25,328.07,328.07,0.0,S1,1.0,0.81,0.02,179
85,2020-05-05,10,2020-05-15,-46.61,-46.61,0.0,S1,1.0,0.94,-0.01,180
86,2020-05-05,24,2020-05-29,-108.36,-108.36,0.0,S1,1.0,0.95,-0.02,181
334,2020-05-05,52,2020-06-26,-113.3,-113.3,0.0,S1,1.0,0.99,-0.01,182
476,2020-05-05,143,2020-09-25,-306.38,-306.38,0.0,S1,1.0,0.85,0.0,183
87,2020-05-06,9,2020-05-15,-58.22,-58.22,0.0,S1,1.0,0.93,-0.01,184
88,2020-05-06,23,2020-05-29,4.4,4.4,0.0,S1,1.0,0.95,-0.03,185
335,2020-05-06,51,2020-06-26,10.11,10.11,0.0,S1,1.0,0.99,-0.02,186
477,2020-05-06,142,2020-09-25,-519.99,-519.99,0.0,S1,1.0,0.84,-0.02,187
89,2020-05-07,8,2020-05-15,-85.29,-85.29,0.0,S1,1.0,0.96,-0.02,188
90,2020-05-07,22,2020-05-29,-157.0,-157.0,0.0,S1,1.0,0.98,-0.04,189
336,2020-05-07,50,2020-06-26,-90.28,-90.28,0.0,S1,1.0,1.02,0.02,190
478,2020-05-07,141,2020-09-25,-181.61,-181.61,0.0,S1,1.0,0.87,0.01,191
91,2020-05-08,7,2020-05-15,-23.0,-23.0,0.0,S1,1.0,1.01,-0.04,192
92,2020-05-08,14,2020-05-22,-87.51,-87.51,0.0,S1,1.0,1.08,-0.03,193
93,2020-05-08,21,2020-05-29,-72.61,-72.61,0.0,S1,1.0,1.03,-0.03,194
337,2020-05-08,49,2020-06-26,-837.18,-837.18,0.0,K2,1.0,1.07,-0.02,195
479,2020-05-08,140,2020-09-25,-398.93,-398.93,0.0,S1,1.0,0.92,0.0,196
94,2020-05-09,13,2020-05-22,-75.96,-75.96,0.0,S1,1.0,1.06,-0.02,197
95,2020-05-09,20,2020-05-29,-122.92,-122.92,0.0,S1,1.0,1.01,-0.02,198
338,2020-05-09,48,2020-06-26,-816.17,-816.17,0.0,K2,1.0,1.06,-0.03,199
480,2020-05-09,139,2020-09-25,-272.73,-272.73,0.0,S1,1.0,0.9,-0.01,200
96,2020-05-10,12,2020-05-22,-44.7,-44.7,0.0,S1,1.0,0.97,-0.01,201
97,2020-05-10,19,2020-05-29,-45.66,-64.31,18.65,S1,1.0,0.92,-0.02,202
339,2020-05-10,47,2020-06-26,-207.41,-207.41,0.0,S1,1.0,0.96,-0.02,203
481,2020-05-10,138,2020-09-25,357.48,-337.84,695.32,S1,1.0,0.82,-0.01,204
98,2020-05-11,11,2020-05-22,-324.29,-324.29,0.0,K2,1.0,0.95,-0.02,205
99,2020-05-11,18,2020-05-29,-308.07,-326.71,18.64,K2,1.0,0.91,-0.02,206
340,2020-05-11,46,2020-06-26,-846.45,-846.45,0.0,K2,1.0,0.95,-0.04,207
482,2020-05-11,137,2020-09-25,356.41,-338.91,695.33,S1,1.0,0.81,0.0,208
100,2020-05-12,10,2020-05-22,-232.6,-232.6,0.0,K2,1.0,0.95,-0.0,209
101,2020-05-12,17,2020-05-29,-271.13,-289.76,18.63,K2,1.0,0.91,0.01,210
341,2020-05-12,45,2020-06-26,-591.17,-591.17,0.0,K2,1.0,0.95,-0.02,211
483,2020-05-12,136,2020-09-25,-573.92,-573.92,0.0,S1,1.0,0.81,-0.03,212
102,2020-05-13,9,2020-05-22,376.75,376.75,0.0,K1,1.0,0.98,-0.02,213
103,2020-05-13,16,2020-05-29,-405.07,-405.07,0.0,K2,1.0,0.93,0.0,214
342,2020-05-13,44,2020-06-26,-709.5,-709.5,0.0,K2,1.0,0.97,-0.03,215
484,2020-05-13,135,2020-09-25,-333.51,-333.51,0.0,S1,1.0,0.83,-0.01,216
104,2020-05-14,8,2020-05-22,-122.74,289.34,-412.08,K1,1.0,1.05,-0.03,217
105,2020-05-14,8,2020-05-22,-653.93,-739.98,86.05,K2,1.0,1.05,-0.04,218
106,2020-05-14,15,2020-05-29,0.0,0.0,0.0,-,1.0,1.0,,219
343,2020-05-14,43,2020-06-26,-863.44,-863.44,0.0,K2,1.0,1.04,-0.02,220
485,2020-05-14,134,2020-09-25,-596.03,-596.03,0.0,S1,1.0,0.89,-0.03,221
107,2020-05-15,7,2020-05-22,-218.45,-218.45,0.0,K2,1.0,1.06,0.0,222
108,2020-05-15,14,2020-05-29,-361.73,-361.73,0.0,K2,1.0,1.02,0.01,223
344,2020-05-15,42,2020-06-26,-815.29,-815.29,0.0,K2,1.0,1.06,-0.04,224
486,2020-05-15,133,2020-09-25,-395.66,-395.66,0.0,S1,1.0,0.9,-0.01,225
109,2020-05-16,13,2020-05-29,-338.82,-338.82,0.0,K2,1.0,0.99,-0.01,226
345,2020-05-16,41,2020-06-26,0.0,0.0,0.0,-,1.0,1.03,,227
487,2020-05-16,132,2020-09-25,0.0,0.0,0.0,-,1.0,0.88,,228
110,2020-05-17,12,2020-05-29,0.0,0.0,0.0,-,1.0,1.0,,229
346,2020-05-17,40,2020-06-26,-84.44,-84.44,0.0,S1,1.0,1.04,0.0,230
488,2020-05-17,131,2020-09-25,-649.22,-649.22,0.0,S1,1.0,0.89,-0.02,231
111,2020-05-18,11,2020-05-29,0.0,0.0,0.0,-,1.0,1.03,,232
112,2020-05-18,39,2020-06-26,-830.55,-830.55,0.0,K2,1.0,1.07,-0.02,233
489,2020-05-18,130,2020-09-25,-134.21,-134.21,0.0,S1,1.0,0.91,0.02,234
113,2020-05-19,10,2020-05-29,0.0,0.0,0.0,-,1.0,1.01,,235
114,2020-05-19,38,2020-06-26,0.0,0.0,0.0,-,1.0,1.05,,236
115,2020-05-21,8,2020-05-29,13.37,13.37,0.0,S1,1.0,0.99,-0.01,237
116,2020-05-21,36,2020-06-26,-670.9,-670.9,0.0,K2,1.0,1.04,-0.0,238
490,2020-05-21,127,2020-09-25,-304.11,-304.11,0.0,S1,1.0,0.88,0.01,239
117,2020-05-22,7,2020-05-29,67.84,67.84,0.0,K1,1.0,0.95,-0.06,240
118,2020-05-22,14,2020-06-05,-223.88,-223.88,0.0,K2,1.0,0.93,0.0,241
119,2020-05-22,35,2020-06-26,0.0,0.0,0.0,-,1.0,1.0,,242
491,2020-05-22,126,2020-09-25,-392.56,-392.56,0.0,S1,1.0,0.85,-0.01,243
120,2020-05-23,13,2020-06-05,-40.15,-40.15,0.0,S1,1.0,0.95,-0.01,244
121,2020-05-23,34,2020-06-26,-159.66,-159.66,0.0,S1,1.0,1.02,0.0,245
492,2020-05-23,125,2020-09-25,0.0,0.0,0.0,-,1.0,0.87,,246
122,2020-05-24,12,2020-06-05,-56.11,212.96,-269.07,K1,1.0,0.95,-0.0,247
123,2020-05-24,33,2020-06-26,-107.6,-107.6,0.0,S1,1.0,1.02,0.03,248
493,2020-05-24,124,2020-09-25,-17.72,-17.72,0.0,S1,1.0,0.87,0.06,249
124,2020-05-25,11,2020-06-05,-278.03,223.72,-501.75,K1,1.0,0.91,-0.02,250
125,2020-05-25,32,2020-06-26,-518.22,-518.22,0.0,K2,1.0,0.97,-0.03,251
494,2020-05-25,123,2020-09-25,-83.43,-83.43,0.0,S1,1.0,0.83,0.02,252
126,2020-05-26,10,2020-06-05,-325.33,443.74,-769.07,K1,1.0,0.92,-0.01,253
127,2020-05-26,31,2020-06-26,-674.76,-674.76,0.0,K2,1.0,0.98,-0.02,254
495,2020-05-26,122,2020-09-25,-545.77,-545.77,0.0,S1,1.0,0.84,-0.02,255
128,2020-05-27,9,2020-06-05,-196.04,323.03,-519.07,K1,1.0,0.91,0.0,256
129,2020-05-27,30,2020-06-26,-573.78,-573.78,0.0,K2,1.0,0.97,-0.0,257
496,2020-05-27,121,2020-09-25,-267.43,-267.43,0.0,S1,1.0,0.83,0.0,258
130,2020-05-28,8,2020-06-05,-88.76,180.31,-269.07,K1,1.0,0.94,-0.01,259
131,2020-05-28,29,2020-06-26,-7.66,-7.66,0.0,S1,1.0,1.0,-0.0,260
497,2020-05-28,120,2020-09-25,0.0,0.0,0.0,-,1.0,0.85,,261
132,2020-06-06,13,2020-06-19,154.82,154.82,0.0,K1,1.0,1.04,0.01,262
133,2020-06-06,20,2020-06-26,-10.08,-10.08,0.0,S1,1.0,1.05,0.01,263
347,2020-06-06,55,2020-07-31,110.96,-32.35,143.31,S1,1.0,0.86,0.0,264
498,2020-06-06,111,2020-09-25,-91.17,-91.17,0.0,S1,1.0,0.9,0.0,265
134,2020-06-07,12,2020-06-19,130.74,130.74,0.0,K1,1.0,1.04,0.0,266
135,2020-06-07,19,2020-06-26,-15.8,-15.8,0.0,S1,1.0,1.06,0.01,267
348,2020-06-07,54,2020-07-31,90.72,-52.59,143.31,S1,1.0,0.87,0.01,268
499,2020-06-07,110,2020-09-25,-30.77,-30.77,0.0,S1,1.0,0.9,0.03,269
136,2020-06-08,11,2020-06-19,-13.5,-13.5,0.0,S1,1.0,1.05,-0.02,270
137,2020-06-08,18,2020-06-26,-58.87,-58.87,0.0,S1,1.0,1.07,0.01,271
349,2020-06-08,53,2020-07-31,-44.16,-44.16,0.0,S1,1.0,0.87,0.0,272
500,2020-06-08,109,2020-09-25,-194.18,-194.18,0.0,S1,1.0,0.91,-0.0,273
138,2020-06-09,10,2020-06-19,185.43,185.43,0.0,K1,1.0,1.05,-0.01,274
139,2020-06-09,17,2020-06-26,-58.48,-58.48,0.0,S1,1.0,1.06,0.0,275
350,2020-06-09,52,2020-07-31,42.75,-100.56,143.31,S1,1.0,0.87,-0.0,276
501,2020-06-09,108,2020-09-25,-179.46,-179.46,0.0,S1,1.0,0.91,0.02,277
140,2020-06-10,9,2020-06-19,82.1,82.1,0.0,K1,1.0,1.05,-0.01,278
141,2020-06-10,16,2020-06-26,2.12,2.12,0.0,S1,1.0,1.07,0.0,279
351,2020-06-10,51,2020-07-31,-165.04,-165.04,0.0,S1,1.0,0.87,-0.01,280
502,2020-06-10,107,2020-09-25,-186.76,-186.76,0.0,S1,1.0,0.91,0.01,281
142,2020-06-11,8,2020-06-19,-17.48,-17.48,0.0,S1,1.0,1.06,-0.03,282
143,2020-06-11,15,2020-06-26,0.0,0.0,0.0,-,1.0,1.08,,283
352,2020-06-11,50,2020-07-31,599.66,-43.73,643.39,S1,1.0,0.88,0.04,284
503,2020-06-11,106,2020-09-25,-52.92,-52.92,0.0,S1,1.0,0.92,0.02,285
144,2020-06-12,7,2020-06-19,77.51,77.51,0.0,S1,1.0,1.02,-0.01,286
145,2020-06-12,14,2020-06-26,47.44,47.44,0.0,S1,1.0,1.04,0.02,287
353,2020-06-12,49,2020-07-31,0.0,0.0,0.0,-,1.0,0.85,,288
504,2020-06-12,105,2020-09-25,-73.82,-73.82,0.0,S1,1.0,0.88,0.04,289
146,2020-06-13,13,2020-06-26,160.86,160.86,0.0,K1,1.0,1.03,-0.01,290
354,2020-06-13,48,2020-07-31,92.34,-50.99,143.34,S1,1.0,0.85,0.01,291
505,2020-06-13,104,2020-09-25,435.98,435.98,0.0,S1,1.0,0.88,0.03,292
147,2020-06-14,12,2020-06-26,126.67,126.67,0.0,K1,1.0,1.03,-0.01,293
355,2020-06-14,47,2020-07-31,100.34,-43.0,143.34,S1,1.0,0.84,0.01,294
506,2020-06-14,103,2020-09-25,0.0,0.0,0.0,-,1.0,0.88,,295
148,2020-06-15,11,2020-06-26,-0.43,-0.43,0.0,K1,1.0,1.0,0.0,296
356,2020-06-15,46,2020-07-31,697.72,54.32,643.4,S1,1.0,0.81,0.01,297
507,2020-06-15,102,2020-09-25,-74.24,-74.24,0.0,S1,1.0,0.85,0.0,298
149,2020-06-16,10,2020-06-26,-93.3,290.86,-384.16,K1,1.0,1.04,-0.02,299
357,2020-06-16,45,2020-07-31,0.0,0.0,0.0,-,1.0,0.85,,300
508,2020-06-16,101,2020-09-25,36.44,36.44,0.0,S1,1.0,0.89,0.03,301
150,2020-06-17,9,2020-06-26,108.78,108.78,0.0,K1,1.0,1.04,-0.0,302
358,2020-06-17,44,2020-07-31,67.69,-75.63,143.33,S1,1.0,0.85,0.02,303
509,2020-06-17,100,2020-09-25,0.0,0.0,0.0,-,1.0,0.89,,304
151,2020-06-25,8,2020-07-03,0.45,0.45,0.0,K1,1.0,1.01,-0.01,305
152,2020-06-25,36,2020-07-31,-171.75,330.11,-501.86,K1,1.0,0.82,-0.01,306
359,2020-06-25,92,2020-09-25,-246.51,-246.51,0.0,S1,1.0,0.86,0.0,307
153,2020-06-26,7,2020-07-03,13.43,13.43,0.0,K1,1.0,1.0,-0.01,308
154,2020-06-26,14,2020-07-10,24.29,24.29,0.0,K1,1.0,1.0,-0.01,309
155,2020-06-26,35,2020-07-31,-377.37,124.48,-501.85,K1,1.0,0.82,-0.01,310
156,2020-06-26,35,2020-07-31,1281.24,-1362.15,2643.39,K2,1.0,0.82,-0.01,311
360,2020-06-26,63,2020-08-28,666.4,-217.76,884.16,S1,1.0,0.8,-0.01,312
361,2020-06-26,91,2020-09-25,0.0,0.0,0.0,-,1.0,0.85,,313
510,2020-06-26,182,2020-12-25,12067.28,-538.75,12606.03,S1,1.0,0.39,-0.0,314
157,2020-06-27,13,2020-07-10,13.39,13.39,0.0,K1,1.0,1.0,-0.01,315
158,2020-06-27,34,2020-07-31,-391.31,110.52,-501.83,K1,1.0,0.82,-0.01,316
362,2020-06-27,62,2020-08-28,-277.84,723.99,-1001.83,K1,1.0,0.8,-0.02,317
363,2020-06-27,90,2020-09-25,0.0,0.0,0.0,-,1.0,0.86,,318
511,2020-06-27,181,2020-12-25,0.0,0.0,0.0,-,1.0,0.39,,319
159,2020-06-28,12,2020-07-10,54.84,54.84,0.0,K1,1.0,0.98,-0.01,320
160,2020-06-28,33,2020-07-31,-417.35,84.47,-501.83,K1,1.0,0.81,-0.02,321
364,2020-06-28,61,2020-08-28,-274.78,227.04,-501.83,K1,1.0,0.79,-0.0,322
365,2020-06-28,89,2020-09-25,0.0,0.0,0.0,-,1.0,0.84,,323
512,2020-06-28,180,2020-12-25,0.0,0.0,0.0,-,1.0,0.38,,324
161,2020-06-29,11,2020-07-10,40.54,40.54,0.0,K1,1.0,0.99,-0.01,325
162,2020-06-29,32,2020-07-31,-372.18,129.65,-501.83,K1,1.0,0.82,-0.01,326
366,2020-06-29,60,2020-08-28,-361.84,639.99,-1001.83,K1,1.0,0.8,-0.01,327
367,2020-06-29,88,2020-09-25,0.0,0.0,0.0,-,1.0,0.85,,328
513,2020-06-29,179,2020-12-25,0.0,0.0,0.0,-,1.0,0.39,,329
163,2020-06-30,10,2020-07-10,12.87,12.87,0.0,K1,1.0,1.0,-0.01,330
164,2020-06-30,31,2020-07-31,-327.89,173.95,-501.83,K1,1.0,0.82,-0.01,331
368,2020-06-30,59,2020-08-28,-29.9,471.93,-501.83,K1,1.0,0.8,-0.01,332
369,2020-06-30,87,2020-09-25,0.0,0.0,0.0,-,1.0,0.85,,333
514,2020-06-30,178,2020-12-25,0.0,0.0,0.0,-,1.0,0.39,,334
165,2020-07-01,9,2020-07-10,13.87,13.87,0.0,K1,1.0,1.0,-0.02,335
166,2020-07-01,30,2020-07-31,-415.13,86.72,-501.86,K1,1.0,0.82,-0.02,336
370,2020-07-01,58,2020-08-28,-459.4,542.46,-1001.86,K1,1.0,0.8,-0.0,337
371,2020-07-01,86,2020-09-25,0.0,0.0,0.0,-,1.0,0.86,,338
515,2020-07-01,177,2020-12-25,0.0,0.0,0.0,-,1.0,0.39,,339
167,2020-07-02,8,2020-07-10,18.65,18.65,0.0,K1,1.0,1.01,-0.01,340
168,2020-07-02,29,2020-07-31,-405.21,96.64,-501.85,K1,1.0,0.83,-0.01,341
372,2020-07-02,57,2020-08-28,-721.09,280.76,-1001.85,K1,1.0,0.81,-0.0,342
373,2020-07-02,85,2020-09-25,0.0,0.0,0.0,-,1.0,0.86,,343
516,2020-07-02,176,2020-12-25,0.0,0.0,0.0,-,1.0,0.39,,344
169,2020-07-03,7,2020-07-10,-6.26,-6.26,0.0,K1,1.0,0.99,-0.02,345
170,2020-07-03,14,2020-07-17,8.51,8.51,0.0,K1,1.0,1.0,-0.01,346
171,2020-07-03,28,2020-07-31,-365.95,135.88,-501.82,K1,1.0,0.82,-0.01,347
374,2020-07-03,56,2020-08-28,-158.2,343.62,-501.82,K1,1.0,0.8,-0.01,348
375,2020-07-03,84,2020-09-25,0.0,0.0,0.0,-,1.0,0.85,,349
517,2020-07-03,175,2020-12-25,0.0,0.0,0.0,-,1.0,0.39,,350
172,2020-07-04,13,2020-07-17,22.17,22.17,0.0,K1,1.0,1.0,-0.01,351
173,2020-07-04,27,2020-07-31,-397.28,104.55,-501.83,K1,1.0,0.81,-0.01,352
376,2020-07-04,55,2020-08-28,-394.82,607.0,-1001.83,K1,1.0,0.8,0.01,353
377,2020-07-04,83,2020-09-25,0.0,0.0,0.0,-,1.0,0.85,,354
518,2020-07-04,174,2020-12-25,0.0,0.0,0.0,-,1.0,0.38,,355
174,2020-07-05,12,2020-07-17,8.55,8.55,0.0,K1,1.0,1.0,-0.0,356
175,2020-07-05,26,2020-07-31,-396.33,105.48,-501.82,K1,1.0,0.81,-0.01,357
378,2020-07-05,54,2020-08-28,-452.28,549.54,-1001.82,K1,1.0,0.8,0.0,358
379,2020-07-05,82,2020-09-25,0.0,0.0,0.0,-,1.0,0.85,,359
519,2020-07-05,173,2020-12-25,0.0,0.0,0.0,-,1.0,0.38,,360
176,2020-07-06,11,2020-07-17,26.42,26.42,0.0,K1,1.0,1.01,-0.01,361
177,2020-07-06,25,2020-07-31,-466.87,35.0,-501.87,K1,1.0,0.82,-0.02,362
380,2020-07-06,53,2020-08-28,-758.84,243.03,-1001.86,K1,1.0,0.81,-0.01,363
381,2020-07-06,81,2020-09-25,0.0,0.0,0.0,-,1.0,0.86,,364
520,2020-07-06,172,2020-12-25,0.0,0.0,0.0,-,1.0,0.39,,365
178,2020-07-07,10,2020-07-17,12.95,12.95,0.0,K1,1.0,1.02,-0.03,366
179,2020-07-07,24,2020-07-31,-362.61,139.24,-501.85,K1,1.0,0.83,-0.01,367
382,2020-07-07,52,2020-08-28,-520.06,481.82,-1001.87,K1,1.0,0.81,-0.01,368
383,2020-07-07,80,2020-09-25,-429.67,767.35,-1197.02,K1,1.0,0.87,-0.0,369
521,2020-07-07,171,2020-12-25,12043.86,-562.16,12606.02,S1,1.0,0.39,-0.0,370
180,2020-07-08,9,2020-07-17,2.74,2.74,0.0,K1,1.0,1.02,0.0,371
181,2020-07-08,23,2020-07-31,-430.89,71.0,-501.89,K1,1.0,0.83,-0.01,372
384,2020-07-08,51,2020-08-28,-889.04,612.85,-1501.88,K1,1.0,0.82,0.0,373
385,2020-07-08,79,2020-09-25,0.0,0.0,0.0,-,1.0,0.87,,374
522,2020-07-08,170,2020-12-25,0.0,0.0,0.0,-,1.0,0.39,,375
182,2020-07-09,8,2020-07-17,-26.86,-26.86,0.0,K1,1.0,1.03,-0.0,376
183,2020-07-09,22,2020-07-31,-383.14,118.74,-501.88,K1,1.0,0.84,-0.01,377
386,2020-07-09,50,2020-08-28,-999.86,502.02,-1501.88,K1,1.0,0.83,0.01,378
387,2020-07-09,78,2020-09-25,0.0,0.0,0.0,-,1.0,0.88,,379
523,2020-07-09,169,2020-12-25,10722.76,116.77,10605.99,S1,1.0,0.4,0.01,380
184,2020-07-10,7,2020-07-17,22.53,22.53,0.0,K1,1.0,1.0,-0.01,381
185,2020-07-10,14,2020-07-24,17.33,17.33,0.0,K1,1.0,0.96,-0.02,382
186,2020-07-10,21,2020-07-31,-610.55,141.3,-751.85,K1,1.0,0.82,-0.01,383
388,2020-07-10,49,2020-08-28,-811.11,690.72,-1501.83,K1,1.0,0.8,0.01,384
389,2020-07-10,77,2020-09-25,0.0,0.0,0.0,-,1.0,0.86,,385
524,2020-07-10,168,2020-12-25,0.0,0.0,0.0,-,1.0,0.39,,386
187,2020-07-11,13,2020-07-24,26.83,26.83,0.0,K1,1.0,0.97,-0.0,387
188,2020-07-11,20,2020-07-31,-359.79,142.06,-501.85,K1,1.0,0.83,-0.01,388
390,2020-07-11,48,2020-08-28,-937.34,564.5,-1501.85,K1,1.0,0.81,0.0,389
391,2020-07-11,76,2020-09-25,0.0,0.0,0.0,-,1.0,0.87,,390
525,2020-07-11,167,2020-12-25,0.0,0.0,0.0,-,1.0,0.39,,391
189,2020-07-12,12,2020-07-24,27.34,27.34,0.0,K1,1.0,0.97,-0.01,392
190,2020-07-12,19,2020-07-31,-415.06,86.8,-501.86,K1,1.0,0.83,-0.01,393
392,2020-07-12,47,2020-08-28,-928.12,573.74,-1501.86,K1,1.0,0.81,0.01,394
393,2020-07-12,75,2020-09-25,-57.63,-57.63,0.0,S1,1.0,0.87,0.0,395
526,2020-07-12,166,2020-12-25,12048.28,-557.73,12606.02,S1,1.0,0.39,-0.0,396
191,2020-07-13,11,2020-07-24,62.36,62.36,0.0,K1,1.0,0.97,-0.02,397
192,2020-07-13,18,2020-07-31,-424.9,76.97,-501.87,K1,1.0,0.83,-0.01,398
394,2020-07-13,46,2020-08-28,0.0,0.0,0.0,-,1.0,0.81,,399
395,2020-07-13,74,2020-09-25,-709.82,987.2,-1697.02,K1,1.0,0.87,-0.0,400
527,2020-07-13,165,2020-12-25,0.0,0.0,0.0,-,1.0,0.39,,401
193,2020-07-14,10,2020-07-24,17.99,17.99,0.0,K1,1.0,0.97,-0.0,402
194,2020-07-14,17,2020-07-31,-420.1,81.75,-501.86,K1,1.0,0.82,-0.01,403
396,2020-07-14,45,2020-08-28,-887.34,614.51,-1501.85,K1,1.0,0.81,0.0,404
397,2020-07-14,73,2020-09-25,-675.67,1021.35,-1697.02,K1,1.0,0.86,0.0,405
528,2020-07-14,164,2020-12-25,0.0,0.0,0.0,-,1.0,0.39,,406
195,2020-07-15,9,2020-07-24,-0.8,-0.8,0.0,K1,1.0,0.97,-0.01,407
196,2020-07-15,16,2020-07-31,-442.68,59.17,-501.85,K1,1.0,0.83,-0.01,408
398,2020-07-15,44,2020-08-28,-268.76,233.08,-501.84,K1,1.0,0.81,-0.0,409
399,2020-07-15,72,2020-09-25,-678.93,1018.09,-1697.02,K1,1.0,0.86,0.01,410
529,2020-07-15,163,2020-12-25,0.0,0.0,0.0,-,1.0,0.39,,411
197,2020-07-16,8,2020-07-24,13.24,13.24,0.0,K1,1.0,0.96,-0.01,412
198,2020-07-16,15,2020-07-31,-451.44,50.39,-501.84,K1,1.0,0.82,-0.01,413
400,2020-07-16,43,2020-08-28,-265.09,236.74,-501.82,K1,1.0,0.8,-0.0,414
401,2020-07-16,71,2020-09-25,-109.94,-305.13,195.18,S1,1.0,0.85,0.01,415
530,2020-07-16,162,2020-12-25,12167.81,-438.24,12606.05,S1,1.0,0.39,0.01,416
199,2020-07-17,7,2020-07-24,0.0,0.0,0.0,-,1.0,0.96,,417
200,2020-07-17,14,2020-07-31,-897.49,104.34,-1001.83,K1,1.0,0.82,-0.02,418
402,2020-07-17,42,2020-08-28,0.0,0.0,0.0,-,1.0,0.8,,419
403,2020-07-17,70,2020-09-25,0.0,0.0,0.0,-,1.0,0.85,,420
531,2020-07-17,161,2020-12-25,0.0,0.0,0.0,-,1.0,0.39,,421
201,2020-08-19,9,2020-08-28,99.69,99.69,0.0,K1,1.0,1.03,-0.01,422
202,2020-08-19,37,2020-09-25,-492.35,-792.91,300.57,K2,1.0,1.1,-0.0,423
532,2020-08-19,128,2020-12-25,0.0,0.0,0.0,-,1.0,0.5,,424
203,2020-08-20,8,2020-08-28,22.68,22.68,0.0,K1,1.0,1.03,-0.02,425
204,2020-08-20,36,2020-09-25,0.0,0.0,0.0,-,1.0,1.1,,426
533,2020-08-20,127,2020-12-25,0.0,0.0,0.0,-,1.0,0.5,,427
205,2020-08-21,7,2020-08-28,-6.35,-6.35,0.0,K1,1.0,1.04,-0.01,428
206,2020-08-21,14,2020-09-04,-202.64,49.67,-252.31,K1,1.0,1.15,-0.0,429
207,2020-08-21,35,2020-09-25,-745.35,-745.35,0.0,K2,1.0,1.11,-0.02,430
534,2020-08-21,126,2020-12-25,8493.06,-1112.44,9605.5,S1,1.0,0.5,-0.07,431
208,2020-08-22,13,2020-09-04,-203.43,33.94,-237.37,K1,1.0,1.13,-0.01,432
209,2020-08-22,34,2020-09-25,213.58,516.56,-302.98,K1,1.0,1.08,-0.0,433
210,2020-08-22,34,2020-09-25,-87.65,-1388.3,1300.66,K2,1.0,1.08,0.02,434
535,2020-08-22,125,2020-12-25,0.0,0.0,0.0,-,1.0,0.49,,435
211,2020-08-23,12,2020-09-04,-453.06,34.31,-487.37,K1,1.0,1.13,-0.01,436
212,2020-08-23,33,2020-09-25,57.47,360.45,-302.98,K1,1.0,1.09,-0.0,437
536,2020-08-23,124,2020-12-25,0.0,0.0,0.0,-,1.0,0.49,,438
213,2020-08-24,11,2020-09-04,-217.55,34.78,-252.33,K1,1.0,1.15,-0.0,439
214,2020-08-24,32,2020-09-25,25.1,328.08,-302.98,K1,1.0,1.1,-0.01,440
537,2020-08-24,123,2020-12-25,8797.61,-807.9,9605.51,S1,1.0,0.5,-0.04,441
215,2020-08-25,10,2020-09-04,-233.58,18.73,-252.32,K1,1.0,1.13,-0.01,442
216,2020-08-25,31,2020-09-25,84.46,84.46,0.0,K1,1.0,1.08,-0.02,443
538,2020-08-25,122,2020-12-25,8940.54,-665.0,9605.54,S1,1.0,0.49,-0.05,444
217,2020-08-26,9,2020-09-04,-260.77,-23.4,-237.37,K1,1.0,1.11,-0.01,445
218,2020-08-26,30,2020-09-25,108.07,108.07,0.0,K1,1.0,1.06,-0.01,446
539,2020-08-26,121,2020-12-25,8786.65,-818.92,9605.57,S1,1.0,0.48,-0.05,447
219,2020-08-27,8,2020-09-04,-253.86,-16.49,-237.37,K1,1.0,1.11,-0.01,448
220,2020-08-27,29,2020-09-25,36.37,36.37,0.0,K1,1.0,1.07,-0.01,449
540,2020-08-27,120,2020-12-25,9055.36,-550.21,9605.58,S1,1.0,0.48,-0.04,450
221,2020-08-28,7,2020-09-04,-539.0,-51.63,-487.37,K1,1.0,1.11,-0.02,451
222,2020-08-28,14,2020-09-11,-480.78,11.97,-492.75,K1,1.0,1.11,-0.02,452
223,2020-08-28,28,2020-09-25,109.76,109.76,0.0,K1,1.0,1.06,-0.01,453
404,2020-08-28,63,2020-10-30,0.0,0.0,0.0,-,1.0,0.86,,454
541,2020-08-28,119,2020-12-25,9381.43,-224.13,9605.56,S1,1.0,0.48,-0.03,455
224,2020-08-29,13,2020-09-11,-464.89,27.86,-492.75,K1,1.0,1.13,-0.02,456
225,2020-08-29,27,2020-09-25,124.12,124.12,0.0,K1,1.0,1.08,-0.01,457
405,2020-08-29,62,2020-10-30,0.0,0.0,0.0,-,1.0,0.87,,458
542,2020-08-29,118,2020-12-25,9086.44,-519.13,9605.57,S1,1.0,0.49,-0.03,459
226,2020-08-30,12,2020-09-11,-204.3,38.45,-242.75,K1,1.0,1.13,-0.02,460
227,2020-08-30,26,2020-09-25,-113.65,189.33,-302.98,K1,1.0,1.08,-0.01,461
406,2020-08-30,61,2020-10-30,-1005.22,1733.78,-2739.0,K1,1.0,0.88,0.04,462
543,2020-08-30,117,2020-12-25,9001.5,-604.04,9605.54,S1,1.0,0.49,-0.04,463
228,2020-08-31,11,2020-09-11,-247.0,5.33,-252.33,K1,1.0,1.13,-0.01,464
229,2020-08-31,25,2020-09-25,-180.94,122.04,-302.98,K1,1.0,1.09,-0.01,465
407,2020-08-31,60,2020-10-30,-704.8,1034.2,-1739.0,K1,1.0,0.88,0.02,466
544,2020-08-31,116,2020-12-25,8933.96,-671.56,9605.53,S1,1.0,0.49,-0.04,467
230,2020-09-01,10,2020-09-11,-241.28,11.11,-252.39,K1,1.0,1.16,-0.01,468
408,2020-09-01,59,2020-10-30,0.0,0.0,0.0,-,1.0,0.9,,469
545,2020-09-01,115,2020-12-25,9114.44,-491.05,9605.49,S1,1.0,0.5,-0.04,470
231,2020-09-02,9,2020-09-11,-239.17,3.58,-242.75,K1,1.0,1.15,-0.01,471
232,2020-09-02,16,2020-09-18,113.87,113.87,0.0,K1,1.0,1.07,0.01,472
233,2020-09-02,23,2020-09-25,98.4,98.4,0.0,K1,1.0,1.1,-0.0,473
409,2020-09-02,58,2020-10-30,0.0,0.0,0.0,-,1.0,0.89,,474
410,2020-09-02,86,2020-11-27,2907.43,-206.84,3114.27,S1,1.0,0.69,0.01,475
546,2020-09-02,114,2020-12-25,8896.75,-708.74,9605.49,S1,1.0,0.5,-0.03,476
234,2020-09-03,8,2020-09-11,-11.69,-11.69,0.0,K1,1.0,1.11,-0.01,477
235,2020-09-03,15,2020-09-18,-9.48,-9.48,0.0,K1,1.0,1.04,0.0,478
236,2020-09-03,22,2020-09-25,-54.79,-54.79,0.0,K1,1.0,1.06,-0.02,479
411,2020-09-03,57,2020-10-30,-1406.74,1095.53,-2502.27,K1,1.0,0.86,0.0,480
412,2020-09-03,85,2020-11-27,0.0,0.0,0.0,-,1.0,0.66,,481
547,2020-09-03,113,2020-12-25,10034.64,-571.02,10605.67,S1,1.0,0.48,-0.02,482
237,2020-09-04,7,2020-09-11,0.0,0.0,0.0,-,1.0,1.0,,483
238,2020-09-04,14,2020-09-18,0.0,0.0,0.0,-,1.0,0.94,,484
239,2020-09-04,21,2020-09-25,348.5,348.5,0.0,K1,1.0,0.96,-0.0,485
413,2020-09-04,56,2020-10-30,0.0,0.0,0.0,-,1.0,0.78,,486
414,2020-09-04,84,2020-11-27,0.0,0.0,0.0,-,1.0,0.6,,487
548,2020-09-04,112,2020-12-25,0.0,0.0,0.0,-,1.0,0.43,,488
240,2020-09-09,9,2020-09-18,236.53,236.53,0.0,K1,1.0,0.93,-0.0,489
241,2020-09-09,9,2020-09-18,387.6,-569.16,956.76,K2,1.0,0.93,-0.02,490
242,2020-09-09,16,2020-09-25,735.08,735.08,0.0,K1,1.0,0.95,-0.01,491
415,2020-09-09,51,2020-10-30,0.0,0.0,0.0,-,1.0,0.77,,492
549,2020-09-09,107,2020-12-25,-5937.69,-329.82,-5607.87,S2,1.0,0.43,-0.02,493
243,2020-09-10,8,2020-09-18,165.74,165.74,0.0,K1,1.0,0.94,0.0,494
244,2020-09-10,8,2020-09-18,279.91,-676.8,956.71,K2,1.0,0.94,-0.01,495
245,2020-09-10,15,2020-09-25,561.13,864.11,-302.98,K1,1.0,0.96,-0.01,496
246,2020-09-10,15,2020-09-25,-316.1,-316.1,0.0,K2,1.0,0.96,0.0,497
416,2020-09-10,50,2020-10-30,0.0,0.0,0.0,-,1.0,0.78,,498
417,2020-09-10,78,2020-11-27,0.0,0.0,0.0,-,1.0,0.6,,499
550,2020-09-10,106,2020-12-25,-4267.66,-659.79,-3607.87,S2,1.0,0.44,-0.05,500
247,2020-09-11,7,2020-09-18,14.95,14.95,0.0,K1,1.0,0.94,-0.0,501
248,2020-09-11,14,2020-09-25,360.91,360.91,0.0,K1,1.0,0.96,-0.03,502
249,2020-09-11,21,2020-10-02,319.57,319.57,0.0,K1,1.0,0.98,-0.02,503
418,2020-09-11,49,2020-10-30,0.0,0.0,0.0,-,1.0,0.77,,504
551,2020-09-11,105,2020-12-25,4615.56,-1382.39,5997.95,K2,1.0,0.43,-0.06,505
250,2020-09-12,13,2020-09-25,145.47,145.47,0.0,K1,1.0,0.97,-0.03,506
251,2020-09-12,20,2020-10-02,290.25,290.25,0.0,K1,1.0,0.99,-0.02,507
419,2020-09-12,48,2020-10-30,0.0,0.0,0.0,-,1.0,0.78,,508
420,2020-09-12,76,2020-11-27,-3336.15,-219.54,-3116.61,S2,1.0,0.6,-0.02,509
552,2020-09-12,104,2020-12-25,-8074.04,-466.17,-7607.87,S2,1.0,0.44,-0.0,510
252,2020-09-13,12,2020-09-25,88.71,88.71,0.0,K1,1.0,0.99,-0.01,511
253,2020-09-13,19,2020-10-02,268.19,268.19,0.0,K1,1.0,1.01,0.0,512
421,2020-09-13,47,2020-10-30,257.86,759.97,-502.11,K1,1.0,0.8,-0.03,513
553,2020-09-13,103,2020-12-25,-4202.64,-594.77,-3607.87,S2,1.0,0.45,-0.02,514
254,2020-09-19,13,2020-10-02,47.66,47.66,0.0,K1,1.0,1.04,-0.0,515
255,2020-09-19,20,2020-10-09,104.37,104.37,0.0,K1,1.0,1.0,-0.0,516
422,2020-09-19,41,2020-10-30,-388.57,113.66,-502.23,K1,1.0,0.82,-0.02,517
423,2020-09-19,69,2020-11-27,0.0,0.0,0.0,-,1.0,0.64,,518
424,2020-09-19,97,2020-12-25,0.0,0.0,0.0,-,1.0,0.46,,519
256,2020-09-20,12,2020-10-02,53.35,53.35,0.0,K1,1.0,1.05,-0.02,520
257,2020-09-20,19,2020-10-09,101.23,101.23,0.0,K1,1.0,1.01,0.01,521
425,2020-09-20,40,2020-10-30,-309.88,192.29,-502.17,K1,1.0,0.83,-0.01,522
426,2020-09-20,68,2020-11-27,0.0,0.0,0.0,-,1.0,0.64,,523
427,2020-09-20,96,2020-12-25,0.0,0.0,0.0,-,1.0,0.47,,524
258,2020-09-21,11,2020-10-02,39.92,39.92,0.0,K1,1.0,1.04,0.01,525
259,2020-09-21,18,2020-10-09,-5.09,-5.09,0.0,K1,1.0,1.0,-0.0,526
260,2020-09-21,39,2020-10-30,-250.7,251.44,-502.14,K1,1.0,0.82,-0.0,527
428,2020-09-21,67,2020-11-27,-1949.12,1053.01,-3002.12,K1,1.0,0.64,-0.02,528
429,2020-09-21,95,2020-12-25,0.0,0.0,0.0,-,1.0,0.46,,529
261,2020-09-22,10,2020-10-02,45.32,45.32,0.0,K1,1.0,0.99,-0.01,530
262,2020-09-22,17,2020-10-09,0.0,0.0,0.0,-,1.0,0.95,,531
263,2020-09-22,38,2020-10-30,-665.58,336.51,-1002.09,K1,1.0,0.78,-0.01,532
430,2020-09-22,66,2020-11-27,191.53,1193.63,-1002.09,K1,1.0,0.61,0.01,533
431,2020-09-22,94,2020-12-25,0.0,0.0,0.0,-,1.0,0.44,,534
264,2020-09-23,9,2020-10-02,-1.13,-1.13,0.0,K1,1.0,0.99,-0.01,535
265,2020-09-23,16,2020-10-09,24.63,24.63,0.0,K1,1.0,0.96,-0.0,536
266,2020-09-23,37,2020-10-30,-303.55,198.56,-502.11,K1,1.0,0.79,-0.03,537
267,2020-09-24,8,2020-10-02,38.73,38.73,0.0,K1,1.0,0.98,-0.0,538
268,2020-09-24,15,2020-10-09,66.37,66.37,0.0,K1,1.0,0.95,-0.01,539
269,2020-09-24,36,2020-10-30,-264.51,237.59,-502.1,K1,1.0,0.78,-0.03,540
432,2020-09-24,64,2020-11-27,-365.91,636.17,-1002.08,K1,1.0,0.6,-0.0,541
433,2020-09-24,92,2020-12-25,0.0,0.0,0.0,-,1.0,0.44,,542
270,2020-09-25,7,2020-10-02,38.75,38.75,0.0,K1,1.0,1.02,-0.01,543
271,2020-09-25,14,2020-10-09,3.9,3.9,0.0,K1,1.0,0.98,-0.0,544
272,2020-09-25,21,2020-10-16,88.09,88.09,0.0,K1,1.0,0.94,0.0,545
273,2020-09-25,35,2020-10-30,-730.16,271.98,-1002.14,K1,1.0,0.81,-0.02,546
434,2020-09-25,63,2020-11-27,-819.88,1182.27,-2002.15,K1,1.0,0.62,-0.02,547
435,2020-09-25,91,2020-12-25,0.0,0.0,0.0,-,1.0,0.45,,548
554,2020-09-25,182,2021-03-26,0.0,0.0,0.0,-,1.0,0.2,,549
274,2020-09-26,13,2020-10-09,0.0,0.0,0.0,-,1.0,0.98,,550
275,2020-09-26,20,2020-10-16,0.0,0.0,0.0,-,1.0,0.95,,551
276,2020-09-26,34,2020-10-30,-681.23,320.91,-1002.14,K1,1.0,0.81,-0.01,552
436,2020-09-26,62,2020-11-27,-1667.65,1334.49,-3002.14,K1,1.0,0.63,-0.0,553
437,2020-09-26,90,2020-12-25,0.0,0.0,0.0,-,1.0,0.45,,554
555,2020-09-26,181,2021-03-26,0.0,0.0,0.0,-,1.0,0.2,,555
